publication_date,job_type,job,company,city,country
2022-05-05,external,Fremdfirmenkoordinator / Site Installation Engineer (m/w/d) für Siemens Parcel Logistics GmbH,Siemens,Nürnberg, Germany
2022-06-17,external,Automation Sales Support Intern,Siemens,Doha, Qatar
2022-05-05,external,Senior System Manager (w/m/d) Bahnkommunikationssysteme,Siemens,Berlin, Germany
2022-05-05,external,Federal Business Development Manager - Southwest Zone - Smart Buildings - Remote,Siemens,Irving, TX
2022-05-05,external,Zámečník kolejových vozidel,Siemens,Prague, Czech Republic
2022-06-15,external,Mobile App Developer,Siemens,Chicago, IL
2022-05-16,external,Technical Writer,Siemens,Noida, India
2022-05-24,external,"Full Stack Software Developer-C#,.Net,Angular,Azure",Siemens,Bangalore, India
2022-05-31,external,Software Test Engineer (m/f/d),Siemens,Viseu, Portugal
2022-06-09,external,Research Engineer - Automation Runtime Systems,Siemens,Chicago, IL
2022-05-05,external,Research & Collaboration Manager (m/f/d),Siemens,Opole, Poland
2022-06-09,external,Senior Reporting Specialist,Siemens,Jihlava, Czech Republic
2022-05-31,external,Senior Web Developer (front/backend) (m/f/d),Siemens,Leiria, Portugal
2022-05-05,external,Workday PRISM Specialist (m/f/d),Siemens,Lisbon, Portugal
2022-05-05,external,Product Architect,Siemens,Shenzhen, China
2022-05-25,external,SAP Basis Authorizations & Audit Consultant (m/f/d),Siemens,Lisbon, Portugal
2022-06-22,external,"Field Service Technician - Union 3, Spokane WA",Siemens,Cary, NC
2022-06-07,external,Software Developer,Siemens,Bangalore, India
2022-06-18,external,Test Professional - Domain Test,Siemens,Bangalore, India
2022-06-22,external,Marketing Analyst - Enablement - SaaS,Siemens,Lake Oswego, OR
